"","Estimate","Std..Error","z.value","Pr...z..","Factor","Effect"
"(Intercept)",-5.91192531102236,0.115757757339288,-51.0715259772563,0,"(Intercept)","0.00270697010765089"
"Week",-0.0141210150468411,0.014139819571458,-0.998670101515665,0.317954528819048,"Week","-0.014021781157416"
"Granuloma",0.0389737142353,0.0509566536098088,0.76484053552131,0.444366506769047,"Granuloma","0.0397431528470894"
"Monkey",-1.80300030014638e-05,0.00850878427611646,-0.00211898696880502,0.998309294278289,"Monkey","-1.80298404621931e-05"
"Cohort",-0.085472725055418,0.0357537805312168,-2.39059265301445,0.0168212042625568,"Cohort","-0.0819218167557574"
"Tissue",0.0298415250726273,0.0143494372504738,2.07963034032167,0.0375594518888695,"Tissue","0.0302912456849777"
