"","Cohort","Tissue","Mean","SE"
"1","Mtb NR","Lung",29061.23587,15874.67722
"2","Mtb R","Lung",1580671.56949267,1044800.29219651
"3","SIV only","Lung",13020308.3884,12202633.0216
"4","Mtb NR","Peripheral LN",56687331.2333333,36651520.1499799
"5","Mtb R","Peripheral LN",63083395.487,48863153.2845962
"6","SIV only","Peripheral LN",33230781.75325,20243396.8420352
"7","Mtb NR","Thoracic LN",110180737.481,89468731.6401646
"8","Mtb R","Thoracic LN",25842802.3965556,9541097.68452941
"9","SIV only","Thoracic LN",200459158.84,102322579.365569
