"","Monkey","tis","Week","Cohort","filename","SIV.RNA.per.tissue","pos.233.Ts","pos.547.Ts","pos.549.Ts","pos.683.Ts","pos.825.Ts","pos.363.Ts","pos.405.Ts","pos.418.Ts","pos.423.Ts","pos.446.Ts","pos.465.Ts","pos.468.Ts","pos.471.Ts","pos.474.Ts","pos.155.Ts","pos.527.transv1","pos.529.Ts","pos.530.Ts"
"45","4016","plasma_nex",8,"SIV only","Run_5_22_Animal_4016",NA,0.00907051594655223,0.00909090909090909,0.00826446280991736,0.0117660292463442,0.0590717299578059,0.00329858409833515,0,0,0,0,0,1,0,0,0.00653489957102193,0,0,0
"46","4016","Thoracic LN",8,"SIV only","Run_5_23_Animal_4016",284326525,0.0106926363907383,0,0,0.0188245710190143,0.285714285714286,0.0079118931577948,0.0131578947368421,0.0866666666666667,0.0193548387096774,0.0153846153846154,0.0241935483870968,0.991735537190083,0.00833333333333333,0.00840336134453781,0.00656704279760089,0,0,0
"47","4016","Lung",8,"SIV only","Run_5_24_Animal_4016",25222941.41,0.0114398024492264,0,0,0.0130633215818097,0.187110187110187,0.00411954765751212,0,0,NA,NA,NA,NA,NA,NA,0.00785965633267408,0.0227272727272727,0,0
"69","4016","pLN",8,"SIV only","Run_6_24_Animal_4016",1357765.833,0.0131318617372076,0.0025035765379113,0.0012924071082391,0.0183237697049852,0.0230466554243957,0.00624178712220762,0,0,0,0,0,1,0,0,0.00725022428092788,0.18,0.00840336134453781,0.0097323600973236
