"","Monkey","tis","Week","Cohort","filename","pos.142.Ts","pos.155.Ts","pos.159.Ts","pos.180.Ts","pos.184.Ts","pos.207.Ts","pos.255.Ts","pos.263.Ts","pos.321.Ts","pos.585.Ts","pos.606.Ts","pos.615.transv2","pos.644.Ts","pos.707.Ts","pos.731.Ts","pos.769.Ts","pos.657.Ts","pos.798.Ts","pos.825.Ts","pos.120.Ts","pos.327.Ts","pos.552.Ts"
"41","3316","plasma_nex",7,"SIV only","Run_5_18_Animal_3316",0.00817417151530483,0.00857106910326172,0.0084959636335136,0.00808124593615506,0.0087575429367167,0.0106894466283641,0.0116409086035505,0.0124115388766401,0.0115159269984511,0.0187376725838264,0.0190268247036806,0.0106182288578667,0.0113670555982749,0.00986324579450563,0.0221771880854969,0.0121590472531694,0.00241153048062363,0.00138095925139642,0.00681959082455053,0.00131635290945712,0.00373667625230314,0
"42","3316","pLN",7,"SIV only","Run_5_19_Animal_3316",0.00272993832361565,0.00100772589855559,0.0026113594134485,0.00178858287928722,0.00220195029883611,0.00174760109386883,0.00126613499958892,0.00282738095238095,0.00166287098290135,0.00990946032651315,0.0226982976276779,0.000434593654932638,0.00162623402464223,0.000919430634066608,0.00226674972314507,0.00126072491682718,0.00973645680819912,0.00764555969417761,0.138257575757576,0.00223104876193696,0.00155055930889357,0
"43","3316","Thoracic LN",7,"SIV only","Run_5_20_Animal_3316",0.00252513221211111,0.000964518373284422,0.00260022692889561,0.00143264244670414,0.00183674740053546,0.000883472962680884,0.00154691004718076,0.00272683360082272,0.00180232261574822,0.0157905892327257,0.0289524733268671,0.000104872370325314,0.00290342019246572,0.000857591301111632,0.00141317207834889,0.00181210619939818,0.00184859001412602,0.0043045010845987,0.0288960237095579,0.0130099966518391,0.00829270831526171,0.00759493670886076
