"","Monkey","tis","Week","Cohort","filename","SIV.RNA.per.tissue","pos.147.Ts","pos.675.Ts","pos.825.Ts","pos.171.Ts","pos.297.Ts","pos.319.Ts","pos.354.Ts","pos.559.Ts","pos.678.Ts","pos.795.Ts"
"38","3616","plasma_nex",7,"SIV only","Run_5_15_Animal_3616",NA,0.0163112387216046,0.00857336375303009,0.11491935483871,0.000523050430108392,0.000661580591402802,0.00335377539287083,0.00208221386351424,0.00210822206605762,0.00111580457479876,0.00170320166613717
"39","3616","pLN",7,"SIV only","Run_5_16_Animal_3616",13750750,0.00082778540984184,0.00961824123588829,0.0965909090909091,0.0355568666921181,0.000487373418292749,0.00125665841398454,0.00280112044817927,0.00573951434878587,0.00186667159517253,0.00208560196378804
"40","3616","Thoracic LN",7,"SIV only","Run_5_17_Animal_3616",19188847.06,0.00049697929770613,0.00256962414722861,0.036231884057971,0.000550576576025449,0.299290101300152,0.0360009972575418,0.0209128312264171,0.00904977375565611,0.0294244140205003,0.02005967883816
