"","study","no.sites","mean.freq.total","no.sites.syn","mean.syn.freq","no.sites.ns","mean.ns.freq","mean.freq.ns.plus.syn","mean.stop.freq","no.sites.stop"
"1","SIV-Mtb",585,0.00250095814033957,195,0.000929478225969231,495,0.00138920034363761,0.00277840068727521,0.000149137859104895,81
"2","Ita",585,0.0154365308885879,198,0.00417833003982906,502,0.0107518152259829,0.0215036304519658,0.000501373754309166,98
