"","study","no.sites.over.0.005","mean.freq","no.sites.syn","mean.syn.freq","no.sites.ns","mean.ns.freq"
"1","R21",27,0.00137024865379045,14,0.000797942619670043,13,0.00202175354600988
"2","Ita",642,0.00953930922624831,154,0.00442220706842105,488,0.0146564113840756
